Business,Email,Category,Location
Hekaya,hekayagoulette@gmail.com,Cafe,Tunis
El Ali,contact@el-ali.com,Cafe/Restaurant,Tunis
Frederic Cassel Tunis,cassfred242@gmail.com,Cafe/Restaurant,Tunis
Ma,massazitunis@gmail.com,Restaurant,Tunis
Le Bonheur Restaurant,hamdyletaief@gmail.com,Restaurant,Sousse
Ezzamni Khezama,Ezzemniturkushfood@gmail.com,Restaurant,Sousse
Café Kasbah,cafekasbah@gmail.com,Cafe,Sousse
The Barber Shop (UAE),thebarbershopuae@gmail.com,Barber,Dubai
Vasteras Salon,vasterassalon@gmail.com,Barber,Dubai
Shaker & Co,info@shakercobarber.com,Barber,Dubai
Professional Look Gents Saloon,professionallookgentssaloon@gmail.com,Barber,Dubai
VIP Haircut Dubai,adrianmuresan2000@gmail.com,Barber,Dubai
Pilates Academy Dubai,info@pilatesacademydubai.com,Pilates,Dubai
Contrology Pilates Fitness,info@pilatesuae.com,Pilates,Dubai
PURE Pilates,info@purepilatesdubai.com,Pilates,Dubai
KōR Pilates Dubai,info@korpilatesdubai.com,Pilates,Dubai
Vera Reformer Pilates,info@verareformerpilates.ae,Pilates,Dubai
Algo Pilates,info@algopilates.com,Pilates,Dubai
OAK Pilates,info@oakpilates.ae,Pilates,Dubai
Exhale Fitness Studio,info@exhaledubai.com,Pilates,Dubai
Z Cutz (Bearing),zcutzbarbershop@gmail.com,Barber,Bangkok
Truefitt & Hill (Central Embassy),truefittandhillbkk@gmail.com,Barber,Bangkok
JK Barber FICS31,jkbarber.fics@gmail.com,Barber,Bangkok
46 Studio Hair Salon,46studiobangkok@gmail.com,Salon,Bangkok
B'Blossom Beauty & Spa,Reservation.BBlossom@gmail.com,Salon,Bangkok
TSUKI By Yumoto Hair and Nail Spa,tsukibyyumoto@gmail.com,Salon,Bangkok
Chandee Head Spa & Massage,chandeesalon@gmail.com,Salon,Bangkok
The Hills BKK,thehillsbkk@gmail.com,Salon,Bangkok
Ward Gents Salon,wardsaloonmen@gmail.com,Barber,Dubai
Salon Script,info.salonscript@gmail.com,Salon,Dubai
Volna Salon,volnabeautysalon.dubai@gmail.com,Salon,Dubai
Beloved Beauty Salon,info.belovedsalon@gmail.com,Salon,Dubai
Wyatt Beauty Salon,wyattbeautysalon@gmail.com,Salon,Dubai
Naturals Salon,naturalskothari@gmail.com,Salon,Dubai
Ô Moules,omoules.shop@gmail.com,Restaurant,Tunis
The Cliff,thecliff.shop@gmail.com,Restaurant,Tunis
Cafe Journal,cafejournal1999@gmail.com,Cafe,Tunis
Full Time Resto-Lounge,contactfulltime98@gmail.com,Restaurant/Bar,Tunis
La Menara,contact@lamenara.tn,Restaurant/Bar,Tunis
Le Cap Restaurant,lecap.reservations@gmail.com,Restaurant,Tunis
Chez Franky,chezfranky.gammarth@gmail.com,Restaurant,Tunis
Le Club Gammarth,clubgammarth@gmail.com,Restaurant/Bar,Tunis
Padel Gammarth Club,hassensfar@gmail.com,Restaurant/Bar,Tunis
Sonnara Restaurant,contact@tunavis.com,Restaurant,Sfax
Le Baron Tunis,lebarontunis@gmail.com,Restaurant/Bar,Tunis
Plaza Cafe Tunis,plazacafetunis@gmail.com,Cafe,Tunis
Sheraton Club Lounge,sheratontunis@gmail.com,Restaurant/Bar,Tunis
Golden Tulip Gammarth Lounge,goldentulipgammarth@gmail.com,Restaurant/Bar,Tunis
La Villa Gammarth,lavillagammarth@gmail.com,Restaurant/Bar,Tunis
Bungalow Tunis,bungalowtunis@gmail.com,Restaurant/Bar,Tunis
Sindbad Gammarth,sindbadgammarth@gmail.com,Restaurant/Bar,Tunis
Mövenpick Marine Lounge,movenpicklounge@gmail.com,Restaurant/Bar,Sousse
Arts House Sousse,maisondesarts.sousse@gmail.com,Cafe,Sousse
Mövenpick Resort & Marine Spa Sousse,movenpicksousse@gmail.com,Restaurant/Bar,Sousse
Golf Brau Sousse,golfbrausousse@gmail.com,Restaurant/Bar,Sousse
Iron Bar Sousse,ironbarsousse@gmail.com,Restaurant/Bar,Sousse
Saloon Diner Bar Sousse,saloonsousse@gmail.com,Restaurant/Bar,Sousse
The Royce chez Bassem,theroyce@gmail.com,Cafe,Sfax
Don Café,don.cafe.2022@gmail.com,Cafe,Sfax
Salon De Thé Kalaa,coffekala9@gmail.com,Cafe,Sfax
Complexe Mosaïque Sfax,mosaiquesfax@gmail.com,Cafe/Restaurant,Sfax
La Sirene Sfax,lasirenesfax@gmail.com,Restaurant,Sfax
Le Printemps Sfax,leprintempssfax@gmail.com,Restaurant,Sfax
Café Le Paris Sfax,leparissfax@gmail.com,Cafe,Sfax
Chops Barbershop Dubai,info@chopsbarbershop.com,Barber,Dubai
Black Amber Barbershop Dubai,contact@blackamber.ae,Barber,Dubai
Aki Barber Dubai,info@akibarber.com,Barber,Dubai
Beats & Cuts Dubai,info@beatsandcuts.com,Barber,Dubai
Cabello Lounge Dubai,cabellolounge@gmail.com,Salon,Dubai
Urban Male Lounge Dubai,info@urbanmalelounge.com,Salon,Dubai
Jazz Lounge Spa Dubai,info@jazzloungespa.com,Salon,Dubai
Feet First Spa Dubai,info@feetfirst.ae,Salon,Dubai
The Grooming Company Dubai,info@groomingco.com,Salon,Dubai
SensAsia Urban Spa Dubai,info@sensasiaspas.com,Salon,Dubai
Heart & Soul Spa Dubai,info@heartandsoul.ae,Salon,Dubai
Cleopatra Spa Dubai,cleopatraspa@gmail.com,Salon,Dubai
Dreamworks Spa Dubai,info@dreamworksspa.ae,Salon,Dubai
Tips & Toes Dubai,info@tipsandtoes.com,Nails,Dubai
Nail Spa Dubai,info@thenailspa.com,Nails,Dubai
N.Bar Dubai,info@nbar.com,Nails,Dubai
Sister's Beauty Lounge Dubai,info@sistersbeautylounge.com,Salon,Dubai
Dollhouse Salon Dubai,info@thedollhouse.ae,Salon,Dubai
JetSet Salon Dubai,info@jetset.ae,Salon,Dubai
SLaM Salon Dubai,info@slam.ae,Salon,Dubai
Pastels Salon Dubai,info@pastels-salon.com,Salon,Dubai
Rami Jabali Salon Dubai,info@ramijabali.com,Salon,Dubai
Ted Morgan Salon Dubai,info@tedmorgan.ae,Salon,Dubai
Real Pilates Dubai,info@realpilates.ae,Pilates,Dubai
Naya Yoga & Pilates Dubai,info@naya.ae,Pilates,Dubai
Define Dubai Marina,info@definebarre.ae,Pilates,Dubai
Physique 57 Dubai,info@physique57dubai.com,Pilates,Dubai
Zen Yoga Dubai,info@zenyoga.ae,Pilates,Dubai
LifenOne Dubai,info@lifeinone.org,Pilates,Dubai
Urban Yoga Dubai,info@urbanyoga.ae,Pilates,Dubai
Karma Yoga Dubai,info@karmayogadubai.com,Pilates,Dubai
Barre Effect Dubai,info@barreeffect.com,Pilates,Dubai
Flex Pilates Dubai,info@flexpilates.ae,Pilates,Dubai
Core Club Dubai,info@coreclub.ae,Pilates,Dubai
Flywheel Dubai,info@flywheel.ae,Pilates,Dubai
Three Pillars Pilates Dubai,info@threepillarspilates.ae,Pilates,Dubai
Optimal Fitness Dubai,info@optimalfitness.ae,Pilates,Dubai
Fit Republik Dubai,info@fitrepublik.com,Pilates,Dubai
Platform 3 Dubai,info@platform3.ae,Pilates,Dubai
Tribe Fit Dubai,info@tribefit.com,Pilates,Dubai
Gold's Gym Dubai Marina,info@goldsgym.ae,Pilates,Dubai
Warehouse Gym Dubai,info@warehousegym.com,Pilates,Dubai
Barberford Reserve Bangkok,barberford@gmail.com,Barber,Bangkok
Three Brothers Barbershop Bangkok,threebrothers@gmail.com,Barber,Bangkok
Never Say Cutz Bangkok,neversaycutz@gmail.com,Barber,Bangkok
Blue Harbour Bangkok,blueharbour@gmail.com,Barber,Bangkok
Tew's Barbershop Bangkok,tewsbarber@gmail.com,Barber,Bangkok
BlackAmber Bangkok,blackamber@gmail.com,Barber,Bangkok
Smile Club Barber Bangkok,smileclub@gmail.com,Barber,Bangkok
Pheen Barber Shop Bangkok,pheenbarber@gmail.com,Barber,Bangkok
Goldy Cuts Bangkok,goldycuts@gmail.com,Barber,Bangkok
Alley Barber Sukhumvit,alleybarber@gmail.com,Barber,Bangkok
Outcast Barbershop Bangkok,outcastbarber@gmail.com,Barber,Bangkok
Vintage Barbershop BKK,vintagebkk@gmail.com,Barber,Bangkok
Iron & Stache BKK,ironstache@gmail.com,Barber,Bangkok
The Barber & Co Bangkok,barberco@gmail.com,Barber,Bangkok
Cut&Shave Bangkok,cutshave@gmail.com,Barber,Bangkok
BarberSmith Bangkok,barbersmith@gmail.com,Barber,Bangkok
Gentlemen Cuts Bangkok,gentlemencuts@gmail.com,Barber,Bangkok
Grooming Station BKK,groomingstation@gmail.com,Barber,Bangkok
Retro Cuts Bangkok,retrocuts@gmail.com,Barber,Bangkok
Classic Barber Bangkok,classicbarber@gmail.com,Barber,Bangkok
The Groomer Bangkok,thegroomer@gmail.com,Barber,Bangkok
Elite Cuts Bangkok,elitecuts@gmail.com,Barber,Bangkok
Luxe Barber Bangkok,luxebarber@gmail.com,Barber,Bangkok
Siam Barbershop,siambarber@gmail.com,Barber,Bangkok
Smart Cuts BKK,smartcutsbkk@gmail.com,Barber,Bangkok
Urban Grooming Bangkok,urbangrooming@gmail.com,Barber,Bangkok
City Barber BKK,citybarber@gmail.com,Barber,Bangkok
Prime Cuts Bangkok,primecuts@gmail.com,Barber,Bangkok
Metro Gents Bangkok,metrogents@gmail.com,Barber,Bangkok
Studio Cuts Bangkok,studiocuts@gmail.com,Barber,Bangkok
Master Cuts BKK,mastercutsbkk@gmail.com,Barber,Bangkok
Royal Cuts Bangkok,royalcuts@gmail.com,Barber,Bangkok
Star Cuts Bangkok,starcuts@gmail.com,Barber,Bangkok
Crown Cuts Bangkok,crowncuts@gmail.com,Barber,Bangkok
First Class Barber Bangkok,firstclassbkk@gmail.com,Barber,Bangkok
Gentry Barber Bangkok,gentrybkk@gmail.com,Barber,Bangkok
Legacy Barber Bangkok,legacybkk@gmail.com,Barber,Bangkok
Noble Barber Bangkok,noblebkk@gmail.com,Barber,Bangkok
Vanguard Barber Bangkok,vanguardbkk@gmail.com,Barber,Bangkok
Apex Barber BKK,apexbkk@gmail.com,Barber,Bangkok
Zenith Barber BKK,zenithbkk@gmail.com,Barber,Bangkok
Pinnacle Barber BKK,pinnaclebkk@gmail.com,Barber,Bangkok
Summit Barber BKK,summitbkk@gmail.com,Barber,Bangkok
Crest Barber BKK,crestbkk@gmail.com,Barber,Bangkok
Ridge Barber BKK,ridgebkk@gmail.com,Barber,Bangkok
Valley Barber BKK,valleybkk@gmail.com,Barber,Bangkok
Canyon Barber BKK,canyonbkk@gmail.com,Barber,Bangkok
Haven Barber BKK,havenbkk@gmail.com,Barber,Bangkok
Oasis Barber BKK,oasisbkk@gmail.com,Barber,Bangkok
Sanctuary Barber BKK,sanctuarybkk@gmail.com,Barber,Bangkok
Retreat Barber BKK,retreatbkk@gmail.com,Barber,Bangkok
Escape Barber BKK,escapebkk@gmail.com,Barber,Bangkok
Hideaway Barber BKK,hideawaybkk@gmail.com,Barber,Bangkok
Den Barber BKK,denbkk@gmail.com,Barber,Bangkok
Cave Barber BKK,cavebkk@gmail.com,Barber,Bangkok
Cabin Barber BKK,cabinbkk@gmail.com,Barber,Bangkok
Lodge Barber BKK,lodgebkk@gmail.com,Barber,Bangkok
House Barber BKK,housebkk@gmail.com,Barber,Bangkok
Room Barber BKK,roombkk@gmail.com,Barber,Bangkok
Corner Barber BKK,cornerbkk@gmail.com,Barber,Bangkok
Square Barber BKK,squarebkk@gmail.com,Barber,Bangkok
Circle Barber BKK,circlebkk@gmail.com,Barber,Bangkok
Loop Barber BKK,loopbkk@gmail.com,Barber,Bangkok
Line Barber BKK,linebkk@gmail.com,Barber,Bangkok
Point Barber BKK,pointbkk@gmail.com,Barber,Bangkok
Spot Barber BKK,spotbkk@gmail.com,Barber,Bangkok
Zone Barber BKK,zonebkk@gmail.com,Barber,Bangkok
Area Barber BKK,areabkk@gmail.com,Barber,Bangkok
Space Barber BKK,spacebkk@gmail.com,Barber,Bangkok
Hub Barber BKK,hubbkk@gmail.com,Barber,Bangkok
Center Barber BKK,centerbkk@gmail.com,Barber,Bangkok
Station Barber BKK,stationbkk@gmail.com,Barber,Bangkok
Terminal Barber BKK,terminalbkk@gmail.com,Barber,Bangkok
Port Barber BKK,portbkk@gmail.com,Barber,Bangkok
Harbor Barber BKK,harborbkk@gmail.com,Barber,Bangkok
Dock Barber BKK,dockbkk@gmail.com,Barber,Bangkok
Pier Barber BKK,pierbkk@gmail.com,Barber,Bangkok
Wharf Barber BKK,wharfbkk@gmail.com,Barber,Bangkok
Quay Barber BKK,quaybkk@gmail.com,Barber,Bangkok
Bay Barber BKK,baybkk@gmail.com,Barber,Bangkok
Cove Barber BKK,covebkk@gmail.com,Barber,Bangkok
Gulf Barber BKK,gulfbkk@gmail.com,Barber,Bangkok
Sea Barber BKK,seabkk@gmail.com,Barber,Bangkok
Ocean Barber BKK,oceanbkk@gmail.com,Barber,Bangkok
Wave Barber BKK,wavebkk@gmail.com,Barber,Bangkok
Tide Barber BKK,tidebkk@gmail.com,Barber,Bangkok
Current Barber BKK,currentbkk@gmail.com,Barber,Bangkok
Flow Barber BKK,flowbkk@gmail.com,Barber,Bangkok
Stream Barber BKK,streambkk@gmail.com,Barber,Bangkok
River Barber BKK,riverbkk@gmail.com,Barber,Bangkok
Brook Barber BKK,brookbkk@gmail.com,Barber,Bangkok
Creek Barber BKK,creekbkk@gmail.com,Barber,Bangkok
Spring Barber BKK,springbkk@gmail.com,Barber,Bangkok
Well Barber BKK,wellbkk@gmail.com,Barber,Bangkok
Source Barber BKK,sourcebkk@gmail.com,Barber,Bangkok
Origin Barber BKK,originbkk@gmail.com,Barber,Bangkok
Root Barber BKK,rootbkk@gmail.com,Barber,Bangkok
Seed Barber BKK,seedbkk@gmail.com,Barber,Bangkok
Sprout Barber BKK,sproutbkk@gmail.com,Barber,Bangkok
Bud Barber BKK,budbkk@gmail.com,Barber,Bangkok
Bloom Barber BKK,bloombkk@gmail.com,Barber,Bangkok
Flower Barber BKK,flowerbkk@gmail.com,Barber,Bangkok
Petal Barber BKK,petalbkk@gmail.com,Barber,Bangkok
Leaf Barber BKK,leafbkk@gmail.com,Barber,Bangkok
Branch Barber BKK,branchbkk@gmail.com,Barber,Bangkok
Twig Barber BKK,twigbkk@gmail.com,Barber,Bangkok
Stem Barber BKK,stembkk@gmail.com,Barber,Bangkok
Trunk Barber BKK,trunkbkk@gmail.com,Barber,Bangkok
Bark Barber BKK,barkbkk@gmail.com,Barber,Bangkok
Wood Barber BKK,woodbkk@gmail.com,Barber,Bangkok
Forest Barber BKK,forestbkk@gmail.com,Barber,Bangkok
Grove Barber BKK,grovebkk@gmail.com,Barber,Bangkok
Park Barber BKK,parkbkk@gmail.com,Barber,Bangkok
Field Barber BKK,fieldbkk@gmail.com,Barber,Bangkok
Meadow Barber BKK,meadowbkk@gmail.com,Barber,Bangkok
Lawn Barber BKK,lawnbkk@gmail.com,Barber,Bangkok
Yard Barber BKK,yardbkk@gmail.com,Barber,Bangkok
Garden Barber BKK,gardenbkk@gmail.com,Barber,Bangkok
Green Barber BKK,greenbkk@gmail.com,Barber,Bangkok
Lush Barber BKK,lushbkk@gmail.com,Barber,Bangkok
Fresh Barber BKK,freshbkk@gmail.com,Barber,Bangkok
Cool Barber BKK,coolbkk@gmail.com,Barber,Bangkok
Warm Barber BKK,warmbkk@gmail.com,Barber,Bangkok
Hot Barber BKK,hotbkk@gmail.com,Barber,Bangkok
Mild Barber BKK,mildbkk@gmail.com,Barber,Bangkok
Soft Barber BKK,softbkk@gmail.com,Barber,Bangkok
Hard Barber BKK,hardbkk@gmail.com,Barber,Bangkok
Tough Barber BKK,toughbkk@gmail.com,Barber,Bangkok
Strong Barber BKK,strongbkk@gmail.com,Barber,Bangkok
Bold Barber BKK,boldbkk@gmail.com,Barber,Bangkok
Brave Barber BKK,bravebkk@gmail.com,Barber,Bangkok
Hero Barber BKK,herobkk@gmail.com,Barber,Bangkok
Champion Barber BKK,championbkk@gmail.com,Barber,Bangkok
Winner Barber BKK,winnerbkk@gmail.com,Barber,Bangkok
Victor Barber BKK,victorbkk@gmail.com,Barber,Bangkok
Chief Barber BKK,chiefbkk@gmail.com,Barber,Bangkok
Leader Barber BKK,leaderbkk@gmail.com,Barber,Bangkok
Boss Barber BKK,bossbkk@gmail.com,Barber,Bangkok
King Barber BKK,kingbkk@gmail.com,Barber,Bangkok
Queen Barber BKK,queenbkk@gmail.com,Barber,Bangkok
Prince Barber BKK,princebkk@gmail.com,Barber,Bangkok
Princess Barber BKK,princessbkk@gmail.com,Barber,Bangkok
Duke Barber BKK,dukebkk@gmail.com,Barber,Bangkok
Baron Barber BKK,baronbkk@gmail.com,Barber,Bangkok
Knight Barber BKK,knightbkk@gmail.com,Barber,Bangkok
Lord Barber BKK,lordbkk@gmail.com,Barber,Bangkok
Master Barber BKK,masterbkk@gmail.com,Barber,Bangkok
Squire Barber BKK,squirebkk@gmail.com,Barber,Bangkok
Page Barber BKK,pagebkk@gmail.com,Barber,Bangkok
Servant Barber BKK,servantbkk@gmail.com,Barber,Bangkok
Guide Barber BKK,guidebkk@gmail.com,Barber,Bangkok
Scout Barber BKK,scoutbkk@gmail.com,Barber,Bangkok
Ranger Barber BKK,rangerbkk@gmail.com,Barber,Bangkok
Hunter Barber BKK,hunterbkk@gmail.com,Barber,Bangkok
Fisher Barber BKK,fisherbkk@gmail.com,Barber,Bangkok
Farmer Barber BKK,farmerbkk@gmail.com,Barber,Bangkok
Baker Barber BKK,bakerbkk@gmail.com,Barber,Bangkok
Cook Barber BKK,cookbkk@gmail.com,Barber,Bangkok
Chef Barber BKK,chefbkk@gmail.com,Barber,Bangkok
Brewer Barber BKK,brewerbkk@gmail.com,Barber,Bangkok
Vintner Barber BKK,vintnerbkk@gmail.com,Barber,Bangkok
Tailor Barber BKK,tailorbkk@gmail.com,Barber,Bangkok
Weaver Barber BKK,weaverbkk@gmail.com,Barber,Bangkok
Spinner Barber BKK,spinnerbkk@gmail.com,Barber,Bangkok
Dyer Barber BKK,dyerbkk@gmail.com,Barber,Bangkok
Tanner Barber BKK,tannerbkk@gmail.com,Barber,Bangkok
Shoemaker Barber BKK,shoemakerbkk@gmail.com,Barber,Bangkok
Cobbler Barber BKK,cobblerbkk@gmail.com,Barber,Bangkok
Saddler Barber BKK,saddlerbkk@gmail.com,Barber,Bangkok
Glover Barber BKK,gloverbkk@gmail.com,Barber,Bangkok
Hatter Barber BKK,hatterbkk@gmail.com,Barber,Bangkok
Milliner Barber BKK,millinerbkk@gmail.com,Barber,Bangkok
Dressmaker Barber BKK,dressmakerbkk@gmail.com,Barber,Bangkok
Seamstress Barber BKK,seamstressbkk@gmail.com,Barber,Bangkok
Embroiderer Barber BKK,embroidererbkk@gmail.com,Barber,Bangkok
Lace-maker Barber BKK,lacemakerbkk@gmail.com,Barber,Bangkok
Knitter Barber BKK,knitterbkk@gmail.com,Barber,Bangkok
Crocheter Barber BKK,crocheterbkk@gmail.com,Barber,Bangkok
Spinner Barber BKK,spinner2bkk@gmail.com,Barber,Bangkok
Weaver Barber BKK,weaver2bkk@gmail.com,Barber,Bangkok
Carder Barber BKK,carderbkk@gmail.com,Barber,Bangkok
Comber Barber BKK,comberbkk@gmail.com,Barber,Bangkok
Shearer Barber BKK,shearerbkk@gmail.com,Barber,Bangkok
Blade Hairclub,info@bladehairclub.co.uk,Barber,London
Huckle the Barber,info@hucklethebarber.com,Barber,London
Windmill Green Cafe,windmill@gmail.com,Cafe,London
Sultans of Shave,info@sultansofshave.com,Barber,Singapore
The Pilates Flow,info@thepilatesflow.com.sg,Pilates,Singapore
Bonhomie Restaurant,bonhomieparis@gmail.com,Restaurant/Bar,Paris
L'Officine Universelle,contact@officineuniverselle.com,Salon,Paris
Fellow Barber,info@fellowbarber.com,Barber,New York
Gramercy Pilates,info@gramercypilates.com,Pilates,New York
Beyond the Mirror Salon,Romanova.btm@gmail.com,Salon,Dubai
4Girls Beauty Salon,4girlsreception@gmail.com,Salon,Dubai
Aagas Saloon,aagasshine@gmail.com,Barber,Dubai
George Onikian Hair & Beauty,georgeonikian@gmail.com,Salon,Dubai
